{"cameraMode":{"drawMode":0,"name":"Shaded","section":"Shading Mode"},"sceneLighting":true,"audioPlay":false,"sceneViewState":{"m_AlwaysRefresh":false,"showFog":true,"showSkybox":true,"showFlares":true,"showImageEffects":true,"showParticleSystems":true,"showVisualEffectGraphs":true,"m_FxEnabled":true},"in2DMode":false,"pivot":{"x":13.956369400024414,"y":-236.85903930664063,"z":401.1639404296875},"rotation":{"x":-0.26842132210731509,"y":-0.01965300552546978,"z":0.005476417485624552,"w":-0.9630928039550781},"size":253.11672973632813,"orthographic":false}